Station,Lon,Lat,data
59981,112.2,16.5,269.1333333
59985,111.37,16.32,265.3333333
59948,109.31,18.14,261.8333333
59954,110.02,18.3,250.8
59940,109.1,18.45,247.9333333
59945,109.42,18.39,247.7
59758,110.21,20.02,246.0666667
59951,110.22,18.48,245.9333333
59838,108.37,19.06,245.4333333
59847,109.03,19.16,241.7333333
59855,110.28,19.14,241.0333333
59757,110.22,20,240.8
59856,110.45,19.37,237.9666667
59842,109.41,19.54,237.1666667
59656,110.46,21.26,237.0333333
59664,111,21.3,236.5333333
59851,110.2,19.42,236.4
59854,110.06,19.22,236.0333333
59843,110,19.44,234.4666667
59845,109.35,19.31,232.2333333
59654,110.17,21.38,230.8333333
59480,113.15,22.51,229.2333333
59849,109.5,19.02,229.2
59493,114.06,22.33,229.1333333
59485,113.21,22.32,228.4333333
59650,110.15,21.23,228.2666667
59475,112.41,22.22,228.1
59754,110.11,20.2,228.1
59647,109.06,21.02,227.7333333
59941,109.31,18.46,227.6333333
59655,110.37,21.39,227.6
59848,109.26,19.14,227.4333333
59750,110.06,20.55,225.9333333
59487,113.17,22.13,225.7333333
59500,115.19,22.58,225.5666667
59288,113.08,23.03,225.5
59477,112.18,22.11,225.4666667
59659,110.55,21.45,225.4333333
59469,111.47,22.1,225.4
59658,110.18,21.09,225.2666667
59456,110.56,22.21,225.1333333
59673,112.46,21.44,224.7
59488,113.35,22.17,224.4333333
59626,107.58,21.32,224.3666667
59653,110.51,21.56,223.9666667
59501,115.22,22.48,223.8333333
59640,109.11,21.4,222.9333333
59318,116.35,23.16,222.4333333
59287,113.2,23.1,222.0333333
59312,116.38,23.4,222.0333333
59315,116.23,23.34,221.8333333
59289,113.44,22.58,221.6333333
59476,113.02,22.32,221.3
59316,116.41,23.24,220.7666667
59481,113.19,22.56,220.6666667
59473,112.58,22.46,220.6333333
59502,115.39,22.57,220.6333333
59319,116.46,23.28,220.2
59298,114.25,23.05,220.1333333
59278,112.27,23.02,220.0333333
59663,111.58,21.5,220.0333333
59284,113.13,23.23,219.9666667
59644,109.08,21.27,219.7333333
59306,115.5,23.26,219.2333333
59317,116.18,23.02,218.6333333
59297,114.17,23.11,218.6
59632,108.37,21.57,218.5333333
59478,112.47,22.15,218.5
59635,108.21,21.37,218.3666667
59449,109.59,22.16,218
59324,117.02,23.26,217.9333333
56989,103.57,22.3,217.5333333
59453,110.1,22.39,217.4333333
59322,117.22,23.59,215.8
59462,111.34,22.46,215.7333333
59313,116.59,23.41,215.7
59293,114.41,23.44,215.6666667
59321,117.3,23.47,215.6333333
59451,110.21,22.42,215.5
59126,117.39,24.3,215.4666667
59314,116.08,23.18,214.6666667
59310,116.11,23.46,213.4
59279,112.52,23.11,213.0666667
59280,113.03,23.4,212.5
59254,110.05,23.24,212.4
59255,110.23,23.33,212.2
59320,117.08,23.46,212.2
59631,108.21,21.47,212.0666667
59294,113.5,23.2,211.2
59130,118.09,24.44,211.0666667
59492,114.42,22.55,211.0666667
59127,117.5,24.26,211.0333333
59432,108.21,22.49,210.8666667
56976,102.5,23.14,210.2666667
59129,117.36,24.08,209.4666667
59131,118.22,24.58,209.4666667
56959,100.47,22,209.4
59457,110.16,22.19,208.9333333
59122,117.45,24.37,208.9
59276,112.41,23.21,208.7666667
59249,109.37,23.07,208.6666667
59137,118.34,24.49,208.6333333
59237,108.17,23.1,208.4666667
59268,111.32,23.15,208.4333333
59269,111.46,23.09,208.3
59435,108.29,22.46,208.2333333
59471,112.03,22.56,207.9666667
59425,107.21,22.24,207.5666667
56966,101.59,23.36,207.2666667
59285,113.35,23.33,206.8666667
59470,112.13,22.43,206.7
59125,117.19,24.23,206.6666667
59454,111,22.55,206.3666667
59303,115.46,23.56,206.2333333
59452,110.32,22.51,206
59134,118.04,24.29,205.9666667
58929,118.09,25.04,205.9
59448,109.33,22.16,205.1
56969,101.34,21.29,204.7
59133,118.55,24.54,204.7
59213,106.55,23.44,204.7
59117,116.06,24.16,204.6
59124,117.22,24.31,204.5666667
58938,118.59,25.14,204.4666667
58946,119,25.27,204.3666667
59266,111.14,23.25,204.1
59087,113.32,23.52,203.8333333
59426,107.54,22.38,203.7
58936,118.42,25.22,203.4666667
58940,119.2,26.05,203.3
59228,107.35,23.19,203.2333333
59446,109.18,22.25,203.0333333
58944,119.47,25.31,203
59114,116.1,24.39,202.1333333
59441,109.15,22.42,202.1333333
59224,107.07,23.36,202
59270,112.11,23.55,201.7666667
59265,111.18,23.29,201.2666667
59211,106.36,23.54,201.2
59230,108.1,23.43,201.2
59088,113.25,24.11,201.1
59417,106.51,22.2,201.0666667
59256,110.55,23.22,200.4333333
59271,112.26,23.38,200.2666667
58942,119.23,25.43,200.1
59427,107.04,22.07,199.8
59037,108.06,23.56,199.3333333
59246,109.4,23.36,199.2333333
59109,115.44,24.09,199.2
59107,115.15,24.06,199.0333333
59238,108.48,23.13,198.6666667
58847,119.17,26.05,197.8333333
59242,109.14,23.45,197.8
59429,107.58,22.09,197.8
59304,115.11,23.38,197.7666667
59419,106.45,22.06,197.4
59116,116.42,24.2,197.2666667
59229,107.42,23.11,197.2333333
59264,111.3,23.27,197.2333333
58934,118.16,25.2,197.1
59290,114.14,23.44,196.3333333
58844,119.09,26.09,196.2333333
59421,107.12,22.5,196.2333333
58941,119.3,25.58,195.9
59431,108.13,22.38,195.4
58926,117.25,25.18,195.2666667
58928,117.32,25.01,195.1666667
59241,109.41,23.58,194.8666667
58839,118.51,26.14,194.2333333
59046,109.24,24.21,194.0666667
57927,107.1,25,193.9333333
59106,115.54,24.35,193.7666667
59045,109.45,24.29,193.2333333
59023,108.03,24.42,193.0666667
59038,108.39,24.04,193.0666667
59235,108.37,23.26,193.0666667
59094,114.07,24.22,192.5333333
59075,112.38,24.29,192.5
58846,119.31,26.4,192.3666667
58848,119.32,26.12,192.1
59015,106.34,24.21,192.0666667
59017,106.14,24.17,191.8333333
59097,114.12,24.03,191.8333333
58927,117.02,25.05,191.7666667
59047,109.2,24.15,191
58932,118.56,25.52,190.9
58845,119.32,26.3,190.6
59053,110.4,24.37,189.1333333
59082,113.36,24.41,189.1333333
59065,111.32,24.25,189
58843,120,26.53,188.7333333
59096,114.29,24.22,188.5666667
59059,110.48,24.11,188.4666667
59113,116.43,24.44,187.8333333
58918,116.25,25.03,187.5666667
59041,109.15,24.39,187.3666667
59081,113.16,24.47,186.9666667
59034,108.4,24.29,186.9
59227,107.09,23.05,186.6333333
59058,110.31,24.12,186.4666667
59031,108.15,24.5,186.4
59072,112.23,24.47,185.8333333
59027,107.15,24.08,185.3666667
59071,112.17,24.43,185.2333333
58748,119.39,27.06,185.0666667
56949,99.36,22.19,184.9333333
59052,110.49,24.5,184.5333333
57996,114.19,25.08,184.3
58917,116.06,25.06,184.2666667
59064,111.19,24.33,184.0666667
56838,97.51,24.01,183.7666667
59055,110.24,24.3,183.5333333
57989,113.44,25.06,183.4
59099,114.56,24.27,183.3
59025,107.22,24.31,183.1666667
59090,114.04,24.57,183.1333333
58921,117.21,25.58,183
58834,118.1,26.38,182.8666667
57988,113.21,25.09,182.7333333
59051,110.3,24.46,182.7
57916,106.46,25.26,182.5
56952,100.42,23.3,181.8
57948,109.15,25.05,181.7666667
56954,99.56,22.34,181.6666667
57906,106.05,25.11,181.6
58828,117.37,26.16,181.1333333
58905,115.25,25.58,181.1
57954,110.11,25.14,181.0666667
59044,109.23,24.28,180.9666667
59205,105.38,23.39,180.5
59061,111.16,24.49,180.2666667
57909,105.49,24.59,180.1666667
56948,99.36,22.38,179.3
58837,118.09,26.1,179.2333333
57995,114.56,25.24,179.1666667
56975,102.26,23.22,179.1
59021,107.02,24.33,179.1
59218,106.25,23.08,179.0666667
57949,110,24.59,178.8333333
59004,105.06,24.3,178.7666667
58754,120.12,27.2,178.7333333
59215,106.37,23.2,178.1333333
57957,110.18,25.19,178.0333333
58752,120.39,27.47,177.9666667
58826,117.48,26.24,177.9666667
58656,120.58,28.07,177.7333333
58659,120.39,28.02,177.7333333
56673,102.55,26.55,177.3
58923,117.5,25.42,177.1666667
59033,108.54,24.47,176.9666667
58760,121.09,27.5,176.8666667
57947,109.24,25.13,176.5666667
57958,110.19,25.05,176.5
58821,117.28,26.44,176.4333333
57992,114.45,25.4,176.0666667
59092,114.49,24.55,175.6666667
57993,115,25.52,175.5666667
58666,121.54,28.27,175.4666667
58836,118.44,26.35,175.4
57956,110.19,25.25,175.1333333
58751,120.34,27.41,175.0333333
58912,116.45,25.43,175.0333333
59001,105.2,24.47,175
58906,115.48,25.36,174.9666667
56763,101.52,25.44,174.6333333
59209,105.5,23.25,174.6
57990,114.18,25.42,174.4
57991,114.33,25.48,174.2333333
58737,118.19,27.03,174.0666667
58804,115.21,26.21,173.9666667
56844,98.35,24.26,173.7333333
59093,115.02,24.47,173.7
59102,115.39,24.57,173.7
58935,118.14,25.29,173.5333333
58903,116.02,25.54,173.1333333
58736,118.49,27.22,173.0333333
56977,101.51,22.35,172.7333333
58823,117.48,26.48,172.5666667
59063,111.27,25.11,172.1666667
58658,120.41,28.09,172
58667,121.16,28.05,171.9666667
57965,111.36,25.32,171.9333333
57926,107.53,25.25,171.5666667
56982,103.15,23.42,171.5333333
56958,100.25,21.55,171.3666667
56867,101.06,24,171.3333333
59091,114.32,24.45,170.9333333
59074,112.09,24.34,170.6666667
58665,121.25,28.37,170.6
58806,116.01,26.29,170.2666667
58664,121.22,28.22,170.2333333
56950,99.48,23.28,170
57976,112.57,25.25,170
57936,108.54,25.45,169.9333333
57896,114.3,26.2,169.7666667
57994,114.21,25.24,169.6666667
56836,97.57,24.42,169.4666667
56688,103.1,26.06,169.3
57932,108.32,25.58,169.2
58907,115.24,25.09,169
57966,111.57,25.36,168.7
56964,100.58,22.47,168.3
58657,120.17,28.09,168.0333333
58911,116.22,25.51,167.9
56854,100.08,24.27,167.5333333
56643,98.51,25.52,167.4333333
58484,122.12,30.15,167.4
58813,116.2,26.51,167.2666667
56985,103.23,23.23,167.2
58570,122.18,29.57,167.1
57899,114.55,26.48,166.9666667
57974,112.22,25.35,166.6333333
58745,119.04,27.37,166.6333333
57969,111.2,25.16,166.5333333
58750,120.05,27.47,166.5
58814,116.21,26.21,166.4666667
58824,117.09,26.24,166.4
57960,111.04,25.56,166.2
58735,118.48,27.31,166.1666667
57955,110.4,25.37,166.1333333
57971,112.12,25.55,166.1
58472,122.27,30.44,166
57923,107.52,25.59,165.7666667
57868,111.52,26.36,165.6666667
56946,99.24,23.33,165.5666667
58660,121.08,28.51,165.5333333
57972,113.02,25.48,165.2333333
58626,117.13,28.18,165.2333333
56666,101.43,26.35,165.1333333
57975,112.12,25.23,164.9
56994,104.15,23.23,164.7666667
56961,101.03,23.02,164.7
57865,111.34,26.25,164.7
57895,114.47,26.28,164.6666667
57942,110,25.48,164.6666667
58707,115.08,27.13,164.5666667
56996,104.42,23.08,164.3666667
56987,103.14,22.47,164.2333333
57941,109.36,25.47,164.2333333
58563,121.45,29.58,164.1666667
56839,98.58,24.04,164.1333333
57964,111.09,25.3,164.1
58718,116.32,27.13,163.8333333
57978,112.33,25.17,163.5666667
56835,97.49,24.04,163.5
58646,119.55,28.27,163.5
58819,116.48,26.1,163.1666667
58730,118.02,27.46,162.5666667
58734,118.07,27.2,162.4
57867,111.17,26.24,162.3
58719,116.56,27.18,162
56973,102.5,23.37,161.9666667
57799,114.55,27.03,161.8
58569,121.57,29.12,161.5333333
57876,112.51,26.24,161.5
56674,101.44,26.3,161.4333333
57866,111.37,26.14,161.3333333
57872,112.36,26.54,161
58629,117.42,28.19,160.9
58818,116.38,26.14,160.8666667
57874,112.24,26.25,160.7333333
57962,111.39,25.58,160.7333333
57870,112.06,26.48,160.5333333
56665,101.51,26.41,160.5
58627,117.02,28.15,160.4666667
58820,117.1,26.54,160.4333333
58562,121.34,29.52,160.3
57796,114.56,27.48,160.1333333
58625,117.36,28.25,160.1333333
57887,113.07,26.08,159.9666667
57882,113.33,26.47,159.9333333
58477,122.06,30.02,159.7
58647,119.08,28.04,159.6666667
57981,113.13,25.59,159.5666667
59022,107.33,24.59,159.5333333
56670,102.07,26.54,159.3333333
58715,116.39,27.35,159.3333333
56944,99.16,23.09,159.1333333
57973,112.43,25.45,158.9666667
57886,113.47,26.3,158.7
59057,110.11,24.08,158.6666667
58705,115.25,27.2,158.5666667
58617,116.22,28,158.4666667
58624,117.26,28.24,158.4
57875,112.3,26.53,158.2
58367,121.26,31.12,158.1333333
58725,117.28,27.2,158.0333333
58693,115.5,28.42,157.9666667
56962,101.41,23.26,157.9
57583,113.55,29.59,157.7666667
57789,113.57,27.08,157.7333333
58467,121.16,30.12,157.7333333
58652,120.43,28.51,157.7333333
58608,115.33,28.04,157.7
56856,100.52,24.28,157.5666667
58519,116.41,29,157.4666667
58623,117.55,28.28,157.1
58612,116.41,28.42,157
58712,116.47,27.55,156.9666667
58558,120.13,29.16,156.8666667
58614,116.16,28.23,156.5
56851,100.32,25.03,156.4666667
58606,115.55,28.36,156.1
57871,112.22,26.59,155.9
58557,120.04,29.19,155.9
58701,115.24,27.46,155.8666667
56995,104.25,23.02,155.8333333
57777,112.52,27.14,155.8
58635,118.12,28.26,155.8
58568,121.23,29.07,155.7333333
58724,117.18,27.31,155.7
58643,120.02,28.54,155.6666667
58549,119.39,29.07,155.6
57779,113.21,27,155.5666667
58361,121.22,31.06,155.5666667
57780,113.1,27.52,155.3333333
57921,107.19,25.5,155.3333333
58605,115.23,28.25,155.3
57881,113.15,26.43,155.2
58731,118.32,27.55,155.2
59012,106.33,24.47,155.2
57891,114.15,26.56,155.1666667
58567,121.26,29.19,155.1333333
58607,115.57,28.33,154.9
57699,114.55,28.14,154.8
58618,116.36,28.14,154.8
58822,116.51,26.5,154.7666667
57798,114.36,27.24,154.7333333
58704,115.21,27.37,154.6666667
58468,121.1,30.03,154.6333333
57679,113.05,28.12,154.2333333
58714,116.13,27.33,154.2
57763,112,27.44,154.1333333
57883,113.58,26.43,154.1
58615,117.05,28.41,154.0666667
58527,117.12,29.18,154.0333333
58609,115.49,28.13,154.0333333
57778,112.57,27.06,154
57781,113.3,27.39,153.8333333
57792,114.41,27.49,153.7666667
57851,110.51,26.27,153.7666667
58462,121.14,31.02,153.7333333
57687,112.55,28.13,153.5666667
58620,117.08,28.58,153.5666667
58634,118.15,28.41,153.5333333
58565,121.26,29.41,153.4
58742,119.33,28.07,153.2333333
58706,115.5,27.26,153.1666667
58616,116.49,28.12,152.9
56578,102.45,27.04,152.6333333
57793,114.23,27.48,152.5
57698,114.27,28.07,152.4333333
58362,121.27,31.24,152.4333333
57773,112.49,27.52,152.2666667
58637,117.59,28.27,152.0666667
57985,113.41,25.34,152
58548,119.28,29.13,151.9666667
58453,120.38,30,151.8
56951,100.05,23.53,151.7
56664,101.16,26.38,151.6666667
57766,111.28,27.14,151.6333333
58370,121.32,31.14,151.6
58502,116,29.44,151.5666667
58457,120.1,30.14,151.4333333
58458,120.56,30.3,151.4333333
58559,120.59,29.1,151.4333333
58601,115.23,28.42,151.3
57786,113.51,27.39,151.2666667
58509,115.49,29.03,151.1333333
58514,116.03,29.27,151.1
57767,111.02,27.07,151.0666667
58710,116.03,27.46,151
57853,110.38,26.44,150.9666667
57688,113.38,28.1,150.9333333
58622,117.35,28.57,150.9333333
58459,120.17,30.11,150.8666667
57696,114.47,28.24,150.8
58713,117.04,27.43,150.7333333
58632,118.38,28.45,150.6666667
57680,113.04,28.48,150.6
57584,113.05,29.23,150.5
58600,115.22,28.52,150.3
58349,120.38,31.16,150
58631,118.3,28.54,149.8666667
59007,105.04,24.04,149.8666667
56970,102.29,23.42,149.7666667
58356,120.57,31.25,149.6
57859,110.38,26.02,149.5666667
56840,98.18,24.49,149.5
57772,112.3,27.45,149.4666667
56376,102.41,29.21,149.2666667
58365,121.15,31.22,149.2333333
58654,120.05,28.4,149.2333333
58553,120.49,30.03,149.1666667
58633,118.54,29,149.1333333
57905,105.38,25.24,149.0666667
58500,115.12,29.51,149.0666667
58556,120.49,29.36,148.8666667
58354,120.21,31.35,148.8333333
58517,116.12,29.16,148.5
58359,120.38,31.1,148.4666667
58642,119.48,28.53,148.4666667
58547,119.11,29.02,148.4333333
58259,120.53,31.59,148.1333333
58424,117.03,30.32,148.1333333
56849,99.14,24.02,147.9666667
57671,112.22,28.51,147.9333333
58460,121.21,30.45,147.9
57758,110.35,27.04,147.8333333
57673,112.53,28.41,147.8
58369,121.47,31.03,147.7666667
58546,119.53,29.28,147.6333333
57577,112.1,29.24,147.5
57499,114.58,30.06,147.4666667
56491,104.34,28.42,147.3666667
58461,121.07,31.08,147.3333333
58503,115.4,29.41,147.1
57581,113.27,29.49,147.0333333
57762,111.41,27.42,146.9
58452,120.45,30.44,146.9
58366,121.24,31.38,146.8666667
57774,112.1,27.27,146.7666667
58451,120.56,30.5,146.7333333
58543,119.01,29.37,146.7333333
57586,114.02,29.32,146.7
57662,111.41,29.03,146.6666667
58550,120.15,29.42,146.6666667
57754,110.09,27.21,146.6333333
58352,120.46,31.39,146.6333333
58464,121.05,30.37,146.5666667
58404,115.15,30.27,146.5333333
57461,111.18,30.42,146.3666667
57483,113.1,30.4,146.3666667
57658,110.12,28.01,146.2666667
57846,110.09,26.35,146.2
57353,111,30.5,146.1666667
56978,102.25,23,146.1
57564,111.08,29.26,146.1
57582,113.53,29.43,146
58555,120.53,29.31,146
57768,111.27,27.19,145.8333333
56497,104.14,28.06,145.8
57574,112.24,29.22,145.8
57678,112.33,28.15,145.7666667
57466,111.45,30.26,145.7333333
57674,112.23,28.34,145.7333333
58407,115.03,30.15,145.7333333
57608,105.26,28.1,145.7
57469,111.46,30.11,145.6666667
58358,120.26,31.04,145.5666667
57575,112.34,29.31,145.5333333
57741,109.11,27.43,145.5333333
58529,117.51,29.16,145.5333333
57841,109.4,26.34,145.4666667
57743,109.48,27.53,145.4333333
57845,109.47,26.1,145.4333333
56483,103.57,28.36,145.2333333
57498,114.53,30.27,145.2333333
57522,107.25,29.45,145.2333333
58414,116.18,30.27,145.2
56494,104.09,28.39,145.1333333
57518,106.32,29.23,145.1333333
57573,112.54,29.5,145.1
58377,121.06,31.28,145.0333333
58351,120.18,31.54,144.8666667
58257,120.16,32,144.8333333
58334,118.23,31.2,144.7666667
56592,104.31,28.26,144.7
58455,120.39,30.31,144.7
58512,116.33,29.54,144.6333333
57516,106.28,29.35,144.6
58746,119.42,27.33,144.6
57494,114.08,30.37,144.5666667
58456,120.31,30.38,144.5666667
56869,101.58,24.04,144.5
58644,119.17,28.36,144.4666667
56492,104.36,28.48,144.4
57612,106.39,29.01,144.4
57752,110.36,27.55,144.4
57509,106.56,28.57,144.3666667
57511,106.27,29.51,144.3666667
58510,116.14,29.44,144.3666667
57682,113.34,28.43,144.3333333
58449,119.57,30.03,144.3333333
57477,112.13,30.04,144.2333333
57514,106.14,29.35,144.2
57731,108.15,27.57,144.2
58602,115.33,28.51,144.2
57769,111.44,27.14,144.1666667
57523,107.44,29.51,144.1
57571,112.23,29.42,144.0333333
57771,112.32,27.56,144
58420,117.13,30.43,144
57827,107.31,26.16,143.9666667
57760,111.26,27.42,143.9333333
57349,109.52,31.04,143.9
57510,106.03,29.51,143.9
58542,119.41,29.49,143.9
58353,120.34,31.52,143.8333333
58408,115.26,30.14,143.7666667
57485,113.26,30.22,143.7333333
57475,112.53,30.25,143.5666667
57517,106.15,29.17,143.5666667
57589,113.48,29.15,143.5666667
57835,108.38,26.29,143.5
57761,111.18,27.45,143.3666667
57734,108.14,27.34,143.3
58409,115.56,30.04,143.3
56984,103.09,23.23,143.2666667
57844,109.11,26.41,143.2666667
58336,118.31,31.42,143.2666667
57657,110.12,28.14,143.2
57907,104.54,25.05,143.2
57496,114.52,30.22,143.1666667
57605,105.49,28.02,143.1666667
58333,118.51,31.57,143.1333333
58417,116.08,30.1,143.1
56493,104.58,28.51,142.9333333
57860,111.17,27,142.8333333
57912,106.38,26.08,142.8333333
57903,105.36,25.56,142.8
56498,104.3,28.1,142.7666667
57590,114.2,29.5,142.7666667
58265,121.36,32.04,142.7666667
58507,115.07,29.15,142.7666667
57565,111.45,29.39,142.7333333
57842,109.43,26.53,142.7333333
56499,104.47,28.23,142.7
56752,100.34,25.5,142.6333333
57489,114,30.35,142.6
57857,110.19,26.22,142.6
57745,109.41,27.27,142.5333333
57493,114.19,30.21,142.5
57663,111.57,28.55,142.5
56399,104.59,29.11,142.2666667
57655,110.24,28.28,142.2333333
58544,119.16,29.29,142.2
57600,105.04,28.44,142.1666667
56986,103.41,22.59,142.1333333
58429,117.47,30.58,142.1333333
57636,108.3,28.34,142.0666667
58418,116.42,30.08,142.0666667
57537,108.1,29.18,142.0333333
56496,105.14,28.19,141.9
57562,111.22,29.35,141.9
58749,119.53,27.14,141.8333333
57585,113.27,29.29,141.8
57595,114.3,29.36,141.7666667
57649,109.44,28.19,141.7666667
56395,104.4,29.31,141.7333333
56992,104.42,23.27,141.6333333
58501,115.32,29.52,141.6333333
57694,114.23,28.32,141.5666667
57453,111.19,30.46,141.4666667
57352,111,30.48,141.3666667
57378,112.34,31.1,141.3
57508,105.22,29.09,141.3
57598,114.35,29.02,141.3
58508,115.46,29.2,141.3
57749,110,27.34,141.2333333
58342,119.3,31.43,141.2333333
58463,121.29,30.56,141.1333333
57460,111.47,30.49,141
56389,103.57,29.12,140.9666667
56490,103.54,28.57,140.9333333
56885,103.27,24.24,140.9333333
58326,117.52,31.37,140.8666667
57525,107.45,29.19,140.8333333
58339,118.54,31.2,140.8
58268,121.05,32.06,140.7666667
57558,110.28,29.08,140.7
57840,109.12,26.54,140.6
57432,108.24,30.46,140.5333333
57661,111.29,28.55,140.4666667
57609,105.42,28.35,140.4
58345,119.29,31.26,140.4
56480,103.33,28.5,140.3666667
57377,112.12,31.03,140.3
58427,117.29,30.4,140.3
58442,119.11,31.08,140.3
57462,111.05,30.52,140.2333333
58415,116.35,30.38,140.2333333
56991,104.2,23.37,140.2
58933,118.59,26.55,140.1666667
58454,119.58,30.32,140.1333333
58343,119.59,31.53,140.1
56386,103.45,29.34,139.9666667
58224,117.01,32.39,139.9666667
58329,117.54,31.18,139.9666667
57417,106.17,30.21,139.9
57739,108.53,27.14,139.9
57351,111,30.5,139.8666667
58247,119.49,32.15,139.8666667
58531,118.17,29.43,139.8333333
56396,104.46,29.21,139.8
56289,103.52,30.12,139.7666667
57387,113.07,31.01,139.7333333
57604,105.23,28.47,139.6666667
58338,118.35,31.09,139.5666667
57348,109.32,31.01,139.5
58331,118.22,31.44,139.4666667
57465,111.27,30.23,139.4333333
58340,119.02,31.39,139.4
57736,108.51,27.42,139.3
56384,103.29,29.36,139.2333333
58450,120.05,30.51,139.2
56382,103.36,29.44,139.1333333
57506,105.54,29.22,139.0666667
58537,118.24,29.08,139.0666667
57666,112.08,28.31,139
57338,108.25,31.11,138.9666667
57818,106.27,26.02,138.8666667
58443,119.53,30.59,138.8333333
56276,103.48,30.26,138.8
56842,99.11,24.44,138.7666667
57492,114.48,30.5,138.7
57732,108.24,28.01,138.6
58264,121.11,32.2,138.5666667
58341,119.35,31.59,138.5666667
58335,118.3,31.34,138.5333333
57889,113.57,26.05,138.4333333
58269,121.39,31.47,138.4333333
57389,113.45,31.02,138.3
57486,113.51,30.39,138.2333333
56889,104.1,24.03,138.0666667
56846,99.56,24.35,137.9666667
57744,109.1,27.22,137.8666667
58360,121.12,31.55,137.7666667
58448,119.44,30.18,137.5666667
56378,102.21,29.14,137.3666667
56394,104.26,29.27,137.3
57476,112.09,30.21,137.2666667
57740,109.36,27.57,137.2666667
58244,119.34,32.27,137.2666667
58249,120,32.1,137.2666667
58311,116.3,31.45,137.2333333
57669,111.13,28.23,137.1
56870,102.1,24.4,137.0666667
57566,111.39,29.27,137.0666667
56297,104.09,30.01,137.0333333
56594,104.03,27.38,137.0333333
57512,106.17,29.58,137.0333333
57399,115.01,31.11,136.9333333
57735,108.49,27.11,136.9
58254,120.27,32.32,136.9
57729,107.53,27.14,136.8666667
56879,102.55,24.12,136.8333333
57839,109.09,26.14,136.7666667
57507,105.18,29.2,136.6333333
56390,104.04,29.4,136.5333333
58236,118.18,32.18,136.5
56383,103.5,29.5,136.4666667
56881,103.16,24.44,136.4333333
57520,107.04,29.5,136.4333333
57737,108.07,27.02,136.3
58428,117.29,30.13,136.3
58252,119.28,32.11,136.2333333
56873,102.54,24.4,136.1666667
57738,108.25,27.03,136.1
58238,118.48,32,136.1
56571,102.16,27.54,135.9333333
57910,106.05,25.46,135.9333333
56880,103.1,24.55,135.8333333
57637,108.07,28.15,135.8333333
56391,103.49,30.05,135.8
57837,108.04,26.24,135.7333333
57355,110.22,31.02,135.7
57431,108.21,30.5,135.7
57368,111.38,31.04,135.6333333
58744,119.25,27.27,135.6333333
58419,117.01,30.06,135.6
58416,116.49,30.45,135.5666667
58230,118.16,32.05,135.5333333
56569,102.11,27.25,135.5
57491,114.24,30.52,135.4666667
56298,104.39,30.07,135.4
57825,107.59,26.36,135.3333333
56898,102.24,24.11,135.2333333
58214,116.17,32.2,135.2333333
56393,104.51,29.46,134.9666667
58530,118.26,29.52,134.9666667
57415,106.38,30.28,134.9333333
57902,105.11,25.26,134.9
58446,119.41,30.38,134.8333333
57464,111.11,30.28,134.7666667
58520,117.43,29.51,134.7666667
58242,119.1,32.17,134.7333333
57809,105.46,26.03,134.7
57635,108.59,28.27,134.6333333
58301,115.23,31.48,134.6333333
57358,110.58,30.5,134.5666667
56766,101.31,25.2,134.5
58747,119.21,27.09,134.4666667
56380,103.22,29.55,134.4333333
56473,102.46,28.57,134.4333333
58237,118.37,32.03,134.2666667
58401,115.24,30.47,134.1
58344,119.1,31.57,134.0333333
57482,113.57,30.54,134
58306,115.53,31.41,134
57385,113.49,31.37,133.9666667
57437,108.02,30.18,133.9333333
57834,108.18,26.41,133.9333333
58245,119.25,32.25,133.9
57922,107.33,25.5,133.8666667
58221,117.23,32.57,133.8666667
57339,108.41,30.57,133.8
56381,103.31,30.01,133.7333333
58323,117.28,31.53,133.7333333
58402,115.4,30.44,133.7
57425,107.2,30.2,133.6666667
58534,118.11,29.47,133.6666667
57481,113.34,30.57,133.5666667
58207,115.02,32.09,133.5
58327,117.17,31.15,133.3
57265,111.4,32.23,133.2666667
58321,117.18,31.47,133.2666667
56387,103.16,29.14,133.2333333
58433,118.45,30.56,133.2
56878,102.45,24.07,133.1666667
58127,117.12,32.58,133.1666667
57260,111.31,32.34,133.0666667
58432,118.24,30.41,133.0666667
57398,114.37,31.17,133.0333333
57808,105.45,26.19,132.9
58346,119.49,31.2,132.9
57388,113.42,31.16,132.8666667
57643,109.5,29,132.8666667
57642,109.38,28.42,132.8333333
58337,118.11,31.05,132.8
58421,117.52,30.38,132.8
58241,119.27,32.48,132.7
57278,112.1,32.02,132.6333333
56284,103.29,30.25,132.6
57409,105.48,30.11,132.5333333
58235,118.5,32.21,132.5333333
57298,114.33,32.13,132.5
57914,106.4,26.25,132.4666667
57413,106.58,30.51,132.3333333
58523,117.56,29.56,132.3333333
57401,105.23,30.52,132.3
57894,114.1,26.35,132.3
58319,116.57,31.04,132.2666667
56641,98.52,26.54,132.1333333
58431,118.19,30.55,132.0666667
56489,103.38,28.14,131.9666667
57296,114.44,32.21,131.9333333
57503,105.07,29.37,131.9
57908,105.29,25.07,131.7666667
58438,118.35,30.05,131.7333333
58330,118.07,31.43,131.6666667
58441,119.25,30.53,131.6333333
56285,103.31,30.36,131.6
58243,119.5,32.56,131.5666667
56748,99.11,25.07,131.5
57408,105.21,30.07,131.4333333
56777,102.04,25.09,131.4
57370,112.13,31.44,131.3666667
56768,101.33,25.02,131.2666667
56876,102.46,24.17,131.2
57646,109.57,28.37,131.1666667
57647,109.11,28.09,131.0666667
56593,104.55,28.35,131.0333333
56295,104.33,30.23,131
58240,119.01,32.41,130.9
57554,110.1,29.24,130.8666667
57381,113.23,31.43,130.8
57640,109.27,28.35,130.5666667
57268,111.38,32.16,130.5333333
57913,106.59,26.27,130.5333333
56875,102.33,24.2,130.5
57519,107.05,29.09,130.5
57279,112.45,32.09,130.4666667
57416,106.56,30.2,130.4666667
58041,119.26,34.47,130.4666667
57513,106.37,29.44,130.4333333
58220,117.09,32.28,130.4333333
56778,102.41,25.01,130.4
58212,116.44,32.43,130.3666667
58250,120.09,32.31,130.2333333
57317,106.25,31.02,130.2
56669,101.4,26.03,130.1333333
58205,115.26,32.28,130.0333333
57915,106.46,26.38,130
58320,117.08,31.44,129.8666667
57544,109.27,29.28,129.7666667
56296,104.26,30.51,129.7
57359,110.44,31.21,129.7
57502,105.42,29.42,129.5333333
58316,116.57,31.28,129.5
58108,115.22,33.16,129.4666667
58436,118.59,30.37,129.4333333
56755,100.29,25.21,129.4
56287,103,29.59,129.1333333
56739,98.3,25.01,129
57545,109.25,29.31,129
58223,117.59,32.47,129
57196,114.53,33.27,128.9333333
57345,109.37,31.24,128.9333333
58148,119.18,33.14,128.8333333
57299,114.54,32.01,128.6
57395,114.07,31.34,128.6
57411,106.06,30.47,128.6
57824,107.14,26.35,128.5333333
57414,106.27,30.33,128.4333333
57447,109.28,30.17,128.4333333
56198,104.23,31.09,128.3666667
56575,102.33,27.22,128.0666667
56281,103.3,30.11,128.0333333
57625,107.27,28.33,128.0333333
58107,115.15,33.04,128
56286,104.15,30.33,127.9666667
58208,115.37,32.1,127.9666667
57297,114.03,32.08,127.9333333
57829,107.48,26.12,127.9
58314,116.19,31.24,127.7666667
57328,107.3,31.12,127.5333333
57318,106.33,31.04,127.4333333
56181,103.4,30.38,127.4
58225,117.4,32.32,127.4
58435,118.32,30.18,127.1
57713,106.53,27.42,127
57407,105.02,30.17,126.9
58118,116.33,33.17,126.9
57821,107.3,26.42,126.7
56199,104.41,31.02,126.6666667
58109,115.37,33.11,126.5666667
57405,105.33,30.3,126.4666667
57623,107.36,28.53,126.4666667
56290,104.09,30.5,126.3333333
56288,103.55,30.35,126.2333333
58128,117.18,33.19,126.2333333
57396,114.51,31.38,126.1666667
58138,118.31,32.59,126.0333333
58426,118.08,30.18,125.9666667
56196,104.44,31.27,125.7666667
57307,105.05,31.06,125.7666667
57329,107.51,31.05,125.7666667
57807,105.28,26.12,125.7
57309,105.53,30.59,125.6333333
57192,114.51,33.44,125.6
56745,99.57,25.41,125.5333333
57293,114.59,32.44,125.4666667
56772,102.3,25.14,125.4333333
57634,107.53,28.31,125.3
57420,107.12,30.45,125.2333333
58132,118.43,33.42,125.2
58202,115.35,32.38,125.1
58147,118.58,32.59,125.0666667
56775,102.27,25.33,125.0333333
57290,114.01,33,124.9333333
58251,120.17,32.51,124.9333333
56882,102.48,24.53,124.8333333
57363,111.5,31.47,124.8333333
58203,115.44,32.52,124.8333333
57195,114.37,33.37,124.8
57324,107.06,31.34,124.8
56187,103.5,30.42,124.7666667
57543,110.02,29.54,124.7666667
57805,105.46,26.41,124.7666667
56279,102.56,30.09,124.7333333
57253,110.49,32.51,124.7333333
57402,105.42,30.46,124.7
56373,102.51,29.47,124.6333333
56584,103.15,27.42,124.5666667
57438,108.07,30,124.5
57822,107.54,26.54,124.4666667
57832,108.4,26.58,124.4666667
56841,98.41,24.36,124.4
58210,116.16,32.37,124.4
57603,105.5,28.49,124.2666667
58215,116.47,32.33,124.1333333
57326,107.43,31.22,124.1
56272,103.53,30.49,124.0666667
58234,118.25,32.28,124
56891,104.19,24.59,123.8333333
57813,106.28,26.34,123.8
58135,118.13,33.27,123.7666667
57314,106.04,31.21,123.6666667
56764,101.14,25.32,123.6333333
56757,100.17,25.16,123.5333333
57292,114.38,32.58,123.5333333
58255,120.34,32.22,123.5
58102,115.46,33.52,123.4333333
57306,105.58,31.35,123.4
58116,116.5,33.59,123.3333333
56371,102.14,29.55,123.3
57722,107.28,27.46,123.3
56195,104.44,31.47,123.2666667
57294,114.01,32.5,123.2333333
57536,108.47,29.32,123.1666667
57714,106.14,27.28,123.0666667
57271,112.23,32.33,123.0333333
58100,115.1,33.39,122.9666667
57541,109.29,30,122.9333333
57085,113.22,34.33,122.8666667
57814,106.16,26.25,122.8333333
57720,107.1,27.53,122.7666667
56746,99.31,25.28,122.7333333
56862,101.36,24.41,122.3333333
56751,100.11,25.42,122.2666667
57186,114,33.35,122.2
57320,107.14,31.56,122.2
56761,101.19,25.43,122.0666667
56671,102.15,26.39,122
56291,104.17,30.58,121.9666667
56280,103.07,30.05,121.9333333
57308,105.23,31.13,121.9333333
56863,102.29,24.56,121.9
56783,103.48,25.3,121.8666667
57273,112.51,32.41,121.8333333
57505,105.36,29.25,121.8
57313,106.46,31.52,121.5666667
58222,117.33,32.52,121.5
53982,113.16,35.14,121.4666667
58129,117.53,33.08,121.4666667
57426,107.48,30.41,121.4
57303,105.55,31.44,121.3666667
57197,114.2,33,121.3333333
57198,114.37,33.33,121.2666667
56186,104.12,31.2,121.1333333
57710,106.24,27.48,121.1333333
57723,107.43,27.59,121.1
58145,119.1,33.32,121.1
57194,114.16,33.17,121.0333333
56871,102.36,24.39,120.9666667
58122,116.59,33.38,120.8666667
57304,105.1,31.4,120.8
58117,116.12,33.08,120.8
58141,119.01,33.38,120.8
56742,99.22,25.54,120.7666667
58146,119.48,33.29,120.6666667
57295,114.21,32.37,120.5333333
56788,103.4,25.02,120.5
56189,103.56,30.59,120.4666667
56278,102.46,30.04,120.3666667
57285,113.25,32.23,120.2
56843,99.37,24.5,120.0666667
57184,113.22,33.38,120.0333333
57274,112.07,32.42,119.9666667
57182,113.3,33.51,119.9333333
57206,105.51,32.26,119.7666667
57633,108.46,28.5,119.7666667
56774,102.25,25.32,119.7333333
58139,118.53,33.18,119.7333333
57087,113.48,34.12,119.6
56886,103.46,24.32,119.5333333
57816,106.44,26.35,119.5333333
57361,111.16,31.53,119.3
58044,119.1,34.35,119.3
57188,114.02,33.22,119.0333333
57177,113.32,33.2,118.9666667
56188,103.4,30.59,118.8666667
57217,106.17,32.14,118.8666667
58104,115.04,33.24,118.6666667
56675,102.35,26.39,118.6333333
57811,106.36,26.51,118.6
58114,116.12,33.29,118.5666667
57081,113.26,34.48,118.2666667
57718,106.44,27.06,118.2666667
56756,100.35,25.29,118.2333333
57261,111.3,33.08,118.1
57445,109.43,30.36,118.1
57806,105.54,26.15,117.8333333
58423,117.47,30.29,117.8333333
57717,106.49,27.32,117.6666667
57075,112.5,34.11,117.3666667
56194,104.28,31.5,117.3
53979,113.03,35.11,117.2666667
57828,107.35,26.3,117.2666667
57189,113.57,33.08,116.9666667
58130,117.55,33.53,116.9666667
57256,110.47,32.39,116.9
57178,112.35,33.02,116.8333333
58150,120.15,33.46,116.7333333
57803,106.01,27.02,116.7
58154,120.12,33.26,116.7
56781,103.16,25.33,116.6666667
58158,120.29,33.12,116.6
56190,104.25,31.39,116.4666667
57281,113.18,32.42,116.4
57900,105.13,25.5,116.4
57606,106.5,28.08,116.3
57082,113.01,34.28,116.2333333
58143,119.51,33.48,116.2333333
58049,119.49,34.02,115.8666667
57156,111.3,33.18,115.7666667
57099,114.51,34.04,115.7
57169,111.52,33.03,115.7
56197,104.11,31.08,115.6
58126,117.52,33.28,115.6
56785,103.02,25.2,115.5333333
57083,113.39,34.43,115.4666667
57074,112.25,34.25,115.4
58140,119.16,33.47,115.1666667
57911,106.39,26.4,115.1333333
54857,120.2,36.04,115.0666667
56792,104.58,25.47,115.0333333
57712,106.57,27.44,114.8333333
57193,114.31,33.47,114.7
54919,117,35.25,114.6333333
57800,105.22,26.46,114.6333333
58048,119.21,34.06,114.5333333
57191,114.29,34.29,114.4333333
57242,109.22,32.51,114.2666667
56786,103.5,25.35,114.2333333
56649,99.58,26.07,114.2
57185,113.35,33.27,114.2
56883,103.59,24.5,114.1
54945,119.32,35.26,113.5333333
56790,104.15,25.4,113.5333333
58111,116.27,33.58,113.5333333
57458,110.4,30.12,113.5
57187,112.56,33.04,113.4666667
57180,113.12,33.59,113.4
57257,110.14,32.14,113.3666667
58125,117.33,33.33,113.3666667
58317,116.22,30.52,113.3666667
57091,114.18,34.47,113.3333333
57088,113.3,34.09,113.2666667
57086,113.43,34.23,113.1333333
57089,113.52,34.02,113.1333333
57315,106.24,31.32,112.8
58931,118.06,25.43,112.8
58026,117.57,34.18,112.6666667
58013,116.55,34.43,112.6
57065,112.11,34.3,112.5666667
57208,105.28,32.01,112.5333333
58021,117.17,34.47,112.5
57162,112.05,34.09,112.4666667
57254,110.07,32.49,112.4333333
58040,119.07,34.5,112.4333333
56767,101.17,25.11,112.2333333
58017,116.08,34.15,112.1
56793,104.28,25.43,111.8
58047,119.14,34.18,111.7666667
57216,106.5,32.21,111.7333333
58131,118.16,33.59,111.2
56273,102.49,30.23,111.0333333
57181,113.03,33.53,111.0333333
56533,98.4,27.45,110.8666667
57078,112.28,34.09,110.8333333
57094,114.13,34.24,110.8333333
57093,114.49,34.51,110.5666667
54765,121.24,37.32,110.5
53972,112.55,35.07,110.4333333
58036,118.44,34.31,110.4333333
57080,112.58,34.44,110.2
57259,110.46,32.02,110.1333333
57742,109.12,27.31,110.0666667
57190,114.24,33.45,109.9333333
57247,108.54,32.19,109.8333333
57071,112.26,34.49,109.7666667
58027,117.09,34.17,109.7333333
54776,122.41,37.24,109.6333333
54774,122.08,37.28,109.5666667
58101,115.29,33.52,109.4
54853,120.25,36.1,109.2
54646,118.25,38.27,109.1333333
57183,113.55,33.48,108.9
57072,112.45,34.55,108.8333333
57079,113.06,34.57,108.7666667
53987,113.25,35.06,108.7
57176,112.25,33.29,108.6333333
54927,117.08,35.07,108.5333333
57090,113.58,34.43,108.5333333
57098,114.24,34.05,108.5333333
54830,118,36.5,108.5
57179,113,33.17,108.4666667
57175,112.14,33.03,108.4
58016,116.58,34.11,108.4
58020,117.08,34.51,108.3333333
58113,116.47,33.56,108.3333333
53988,113.4,35.16,108.2666667
56582,103.54,27.45,108.1333333
57251,110.25,33,108
58012,116.35,34.41,107.9666667
56474,102.1,28.33,107.9333333
58045,119.34,34.12,107.9333333
53989,113.57,35.03,107.9
54823,117.03,36.36,107.9
58035,118.21,34.21,107.9
53984,113.25,35.14,107.8666667
57248,109.2,32.24,107.8333333
57540,109.09,29.41,107.6333333
57096,114.47,34.32,107.5666667
54751,120.43,37.56,107.5333333
58003,115.53,34.57,107.5333333
58038,118.45,34.06,107.5333333
54917,116.19,35.07,107.5
58007,115.18,34.04,107.5
57173,112.53,33.45,107.3666667
53997,114.11,35.09,107.2
56598,104.44,27.08,107.2
58011,116.04,34.48,107.2
58022,117.48,34.46,107.1666667
53986,113.53,35.19,106.9666667
57728,107.28,27.04,106.9666667
56782,103.33,25.25,106.8666667
57237,108.02,32.04,106.7666667
56193,104.31,32.25,106.6333333
57231,108.32,32.32,106.5333333
53894,114.13,36.25,106.4333333
56192,104.4,32.57,106.1333333
56459,101.16,27.56,105.9666667
58005,115.4,34.27,105.7333333
56441,99.17,28.43,105.6333333
57070,112.09,34.43,105.5
54818,116.26,36.17,105.1666667
56183,103.35,31.28,105.1333333
53992,114.33,35.41,105.0333333
56485,103.35,28.16,105.0333333
56478,102.26,28.18,104.6666667
56096,104.55,33.24,104.6333333
53892,114.28,36.37,104.5333333
56697,104.05,26.13,104.3666667
58025,117.44,34.34,104.3666667
57095,114.09,34.07,104.3
56596,105.03,27.51,104.2
54727,117.33,36.42,104.1666667
53978,112.38,35.05,104.1333333
57076,112.49,34.43,104.1
53985,113.49,35.27,104.0333333
58024,117.35,34.52,103.9666667
58001,115.06,34.26,103.9
57390,114.04,31.48,103.5666667
54815,116.14,36.2,103.3666667
58002,115.34,34.5,103.1666667
57066,111.4,34.23,103.0666667
54943,120,35.53,102.9333333
54939,118.5,35.15,102.8333333
58004,115.09,34.39,102.6333333
53974,114.11,35.37,102.3666667
53890,114.09,36.41,101.9333333
53998,114.39,35.12,101.9333333
54906,115.26,35.15,101.7
57127,107.02,33.04,101.6333333
54825,117.5,36.31,101.6
54907,116.39,34.59,101.5666667
56654,100.11,26.35,101.5
58006,115.53,34.23,101.4
58008,115.2,34.28,101.2333333
57719,106.58,27.04,101.1666667
54822,117.44,36.54,100.9666667
54829,117.52,36.49,100.9
58015,116.2,34.26,100.8
57249,109.41,32.19,100.5333333
58034,118.19,34.36,100.5333333
57707,105.17,27.18,100.5
56684,103.17,26.25,100.2
54905,115.55,35.36,100.1333333
54925,117.37,35.3,100.0333333
54938,118.24,35.03,100
57233,108.3,32.54,99.93333333
54940,119.12,35.45,99.86666667
57245,109.02,32.43,99.86666667
54909,115.33,35.06,99.83333333
56693,104.52,26.35,99.83333333
54921,116.26,35.28,99.6
54753,120.19,37.37,99.5
54918,116.59,35.36,99.46666667
53798,114.3,37.04,99.26666667
56872,102.37,24.57,99.13333333
58030,118.06,34.54,99.13333333
58032,118.39,34.56,99.06666667
56651,100.13,26.52,98.93333333
57154,110.54,33.32,98.9
57232,108.16,33.03,98.86666667
53991,114.21,35.56,98.83333333
57204,105.14,32.35,98.76666667
54929,117.57,35.15,98.73333333
56263,101.53,30.53,98.66666667
56475,102.31,28.39,98.6
54816,116.47,36.37,98.33333333
57036,108.56,34.18,98.16666667
53994,114.04,35.23,98.1
54871,122.26,36.55,97.9
57614,106.13,28.2,97.86666667
57238,107.54,32.32,97.83333333
56652,100.45,26.41,97.8
58506,115.59,29.35,97.8
54752,120.46,37.48,97.6
57776,112.42,27.18,97.56666667
53889,113.49,36.04,97.4
53983,114.25,35.02,97.36666667
53698,114.25,38.02,97.26666667
54911,116.27,35.56,97.26666667
57333,108.4,31.57,97.2
54714,116.19,37.26,97.1
57213,106.56,33,97.06666667
54848,119.25,35.59,97.03333333
54846,119.43,36.23,96.8
57129,107.43,32.59,96.76666667
54749,119.56,37.11,96.7
54811,116.38,36.56,96.66666667
54832,118.43,36.53,96.5
57032,108.12,34.06,96.36666667
54824,117.57,36.38,96.23333333
54736,118.4,37.26,95.83333333
57119,106.42,33.1,95.76666667
57128,107.2,33.1,95.73333333
57132,108.37,34.07,95.7
57126,107.33,33.13,95.5
54908,115.05,35.17,95.4
54920,117.18,35.39,95.36666667
54804,115.08,36.18,95.3
54922,117.47,35.53,95.23333333
53691,114.34,38.09,95.1
54831,118.28,36.42,95.1
54833,118.05,36.59,95.03333333
57106,106.09,33.19,94.86666667
54737,118.09,37.09,94.8
54849,120,36.16,94.73333333
54923,117.55,35.43,94.43333333
54764,121.15,37.3,94.2
57063,111.46,34.46,93.76666667
54915,116.36,35.27,93.56666667
54903,115.29,35.51,93.43333333
57708,105.36,27.09,93.4
54900,115.01,35.42,93.26666667
54809,115.17,36.33,93.1
54863,121.11,36.46,92.96666667
53789,114.38,37.53,92.9
54819,116.47,36.11,92.86666667
54912,116.29,35.43,92.86666667
54814,116.13,36.35,92.76666667
54932,118.41,35.47,92.76666667
54855,120.28,36.23,92.43333333
54777,122.04,37.13,92.4
53893,114.57,36.46,92.3
53968,111.4,35.17,92.3
57054,110.14,34.33,92.26666667
53993,114.55,35.56,92.06666667
54914,116.06,35.25,91.96666667
57439,108.56,30.17,91.93333333
54778,122.23,37.1,91.9
53795,114.22,37.39,91.66666667
54704,115.34,37.33,91.66666667
54812,116.45,36.47,91.66666667
54828,117.41,36.14,91.63333333
54766,121.25,37.23,91.5
57153,110.2,33.41,91.5
53895,114.3,36.46,91.36666667
54820,115.1,36.49,91.3
54935,118.28,35.32,91.3
53996,114.42,36.27,91
53897,114.23,36.23,90.96666667
53693,114.08,38.02,90.8
54744,118.32,37.36,90.73333333
57051,111.12,34.48,90.66666667
57131,108.58,34.26,90.66666667
57052,110.27,34.53,90.6
53995,114.3,35.33,90.26666667
54706,115.4,37.05,90.23333333
57045,109.29,34.31,90.1
53773,114.37,36.2,90.06666667
54623,117.43,39.03,89.96666667
54579,122.35,39.16,89.83333333
54834,118.18,36.5,89.53333333
54803,116.01,36.58,89.33333333
53896,114.57,36.21,89.2
54662,121.38,38.54,89.13333333
53799,115.02,37.13,89.1
54660,121.14,38.49,89.1
54817,115.52,35.59,89.06666667
57362,110.4,31.45,89
53680,114.23,38.18,88.96666667
53898,114.24,36.03,88.96666667
54936,118.5,35.35,88.93333333
54712,116.52,37.11,88.86666667
57343,109.32,31.54,88.76666667
54701,115.12,37.56,88.66666667
54807,115.48,36.08,88.63333333
54808,115.4,36.14,88.53333333
53948,109.35,34.57,88.5
54837,118.5,36.42,88.43333333
54725,117.32,37.29,88.4
53689,115.04,38.01,88.26666667
54722,117.37,37.45,88.2
53957,110.43,35.37,88.13333333
53792,114.29,37.27,87.96666667
54517,117.12,39.04,87.96666667
54709,116.04,37.13,87.96666667
57077,111.36,33.47,87.96666667
56487,103.08,28.2,87.76666667
54901,115.1,36.05,87.63333333
56097,104.14,33.16,87.6
54645,117.28,38.51,87.5
54916,116.51,35.34,87.5
57061,111.12,34.5,87.36666667
54805,115.27,36.29,87.16666667
54841,119.24,36.52,87.13333333
54731,118.13,37.29,87.03333333
54711,116.17,37.42,86.83333333
53790,114.37,37.36,86.73333333
57044,109.14,34.24,86.7
57020,107.24,34.22,86.63333333
54835,118.33,36.3,86.56666667
57016,107.08,34.21,86.56666667
54640,114.52,36.55,86.5
54913,116.49,35.45,86.3
54842,119.56,36.46,86.23333333
54902,115.07,35.54,86.2
56094,104.22,33.47,86.13333333
53980,114.48,36.33,86.03333333
57038,108.27,34.17,85.96666667
57040,109.05,34.31,85.73333333
54800,115.15,36.59,85.63333333
53886,113.4,36.34,85.6
56646,99.55,26.32,85.6
53899,114.58,36.29,85.53333333
56565,101.31,27.26,85.43333333
56585,103.32,27.11,85.33333333
54802,115.42,36.49,85.06666667
53955,110.27,35.28,84.96666667
53694,114.13,38.16,84.86666667
54738,118.21,37.03,84.83333333
54910,116.05,35.48,84.76666667
56434,97.28,28.39,84.76666667
57211,106.15,32.5,84.5
54608,115.33,38,84.36666667
54729,117.51,37.11,84.16666667
53781,114.28,36.52,84
57035,108.14,34.33,83.86666667
56586,103.43,27.21,83.83333333
54730,118.08,37.41,83.73333333
54806,115.58,36.25,83.63333333
54861,121.32,36.56,83.56666667
54705,115.23,37.22,83.53333333
54827,117.09,36.1,83.43333333
56595,104.52,27.26,83.4
54718,116.26,37.09,83.33333333
57143,109.58,33.52,83.33333333
57056,110.51,34.32,83.2
57039,108.55,34.09,83.1
54631,115.09,37.04,83.03333333
57144,109.09,33.26,83.03333333
54843,119.11,36.45,83
56178,102.21,31,83
54810,116.16,36.52,82.9
54844,119.1,36.25,82.9
54431,116.38,39.55,82.76666667
54734,118.01,37.22,82.7
54710,116.1,37.52,82.66666667
57033,108.49,34.33,82.63333333
54851,120.31,36.53,82.46666667
54707,115.59,37.21,82.43333333
54723,117.34,37.39,82.36666667
54628,117.29,38.09,82.33333333
54732,118.31,37.52,81.93333333
54801,115.29,36.51,81.9
54624,117.21,38.22,81.86666667
53794,114.45,37.21,81.73333333
57026,107.53,34.22,81.7
54618,116.33,38.05,81.66666667
54622,117.22,38.59,81.13333333
54852,120.44,36.58,81.13333333
54568,121.42,39.05,81.06666667
54717,116.24,37.38,81
54703,115.53,37.48,80.96666667
54755,120.23,37.22,80.9
57155,109.52,33.33,80.83333333
54702,115.42,37.44,80.76666667
53883,114.42,37.08,80.66666667
53976,112.5,35.31,80.56666667
54759,120.49,37.18,80.46666667
54836,118.09,36.11,80.46666667
54716,116.48,37.39,80.4
57043,109.58,34.48,80.1
57029,108.29,34.3,80.03333333
54602,115.31,38.51,80
56247,99.06,30,79.86666667
57037,108.59,34.56,79.83333333
54724,117.1,37.2,79.7
57034,108.13,34.15,79.66666667
53688,114.33,38.27,79.6
53695,114.41,38.21,79.4
57042,109.11,34.47,79.33333333
54632,115.02,37.04,79.3
56691,104.17,26.52,79.3
53954,110.57,35.35,79.23333333
53891,114.41,37.01,79.1
53699,114.57,38.11,79.06666667
54719,116.41,38.02,79.06666667
54713,116.32,37.53,78.96666667
57027,107.44,34.16,78.9
53697,114.5,38.02,78.6
53696,115,38.31,78.53333333
54633,115.14,37.31,78.5
53964,111.13,35.37,78.23333333
54616,116.51,38.21,78.2
57067,111.02,34.03,78.13333333
54526,117.25,39.04,78.03333333
53959,111.03,35.03,78
57049,109.44,34.31,78
53784,114.47,37.45,77.86666667
53797,114.31,37.17,77.4
54715,116.34,37.2,77.16666667
57134,107.59,33.31,77.16666667
54611,115.19,38.56,77
54617,116.07,38.11,76.9
54609,115.31,38.14,76.83333333
54726,117.11,37.43,76.8
57048,108.43,34.24,76.8
57055,110.05,34.33,76.8
54540,119.1,39.43,76.63333333
56548,99.17,27.1,76.6
54627,117.14,38.02,76.53333333
54604,115.2,38.25,76.06666667
57137,108.19,33.19,76.06666667
57047,109.19,34.1,75.86666667
54615,116.5,38.35,75.76666667
56567,100.51,27.18,75.73333333
57024,107.39,34.27,75.7
53796,114.53,37.37,75.4
53868,111.3,36.04,75.33333333
54534,118.09,39.4,75.3
54621,115.11,38.11,75.26666667
53791,114.36,37.44,75.2
54511,116.28,39.48,75.1
56479,102.51,28,75.03333333
53692,114.59,38.44,74.7
57084,113.03,34.3,74.7
56180,103.51,31.41,74.56666667
54612,116.27,38.52,74.26666667
54821,117.07,36.59,74.2
53962,111.42,35.44,74.1
54499,116.13,40.13,74.03333333
54619,116.55,38.55,73.7
54513,116.12,39.57,73.66666667
57102,105.43,33.45,73.6
53785,114.4,37.31,73.53333333
54529,117.49,39.21,73.53333333
54708,115.44,37.3,73.5
53975,112.24,35.29,73.4
56168,102.04,31.29,73.26666667
54535,118.27,39.17,73
53950,110.09,35.14,72.86666667
54428,117.24,40.02,72.76666667
53958,110.47,35.08,72.66666667
53949,109.55,35.11,72.46666667
54644,117.05,38.03,72.36666667
54700,115.59,38.02,72.36666667
56184,103.1,31.26,72.26666667
57025,107.23,34.31,72.23333333
54610,116.06,38.44,71.96666667
54626,115.49,38.25,71.9
53596,115.09,38.5,71.76666667
54503,115.51,39.03,71.6
53782,113.33,37.51,71.33333333
54530,117.46,39.14,71.33333333
54636,116.06,38.59,71.26666667
54728,117.23,37.46,71.03333333
54527,117.04,39.05,71
57110,106.05,33.47,70.96666667
57111,106.18,33.55,70.96666667
53965,111.34,35.31,70.63333333
54533,118.07,39.33,70.6
54507,115.3,39.21,70.26666667
53963,111.22,35.39,70.23333333
54505,116.07,39.55,70
56645,99.25,26.25,69.7
57105,105.36,33.2,69.53333333
57113,106.32,33.54,69.43333333
57021,107.08,34.39,69.4
54521,116.59,39.46,69.26666667
54539,118.53,39.26,69.2
54606,115.44,38.14,69.13333333
57060,111.14,35.1,69.1
57124,106.56,33.38,68.66666667
54399,116.17,39.59,68.56666667
53941,109.35,35.11,68.36666667
54518,116.23,39.07,68.33333333
53961,111.29,35.39,68.23333333
53690,114.11,38.51,67.9
57140,109.07,33.4,67.73333333
54614,116.05,38.27,67.7
54514,116.15,39.52,67.66666667
53966,111.5,35.59,67.63333333
54433,116.29,39.57,67.56666667
56443,99.48,28.56,67.43333333
54620,115.34,38.29,67.33333333
54601,115.39,39.01,67.2
54515,116.42,39.3,67
56580,102.48,27.43,66.76666667
57053,110.43,34.42,66.7
53967,111.12,35.2,66.43333333
54596,116.08,39.45,66.36666667
53869,111.43,36.35,66.26666667
54531,118.43,39.44,66.23333333
53866,111.4,36.14,66.2
53687,113.38,37.47,66.1
54613,116.37,38.42,65.96666667
57006,105.45,34.35,65.63333333
54528,117.08,39.14,65.43333333
57057,110.09,34.06,65.4
57030,108.09,34.42,65.23333333
56312,94.2,29.4,64.86666667
57003,106.5,34.54,64.86666667
54512,116.17,39.26,64.26666667
53956,110.5,35.24,63.93333333
56228,96.55,30.03,63.6
54532,118.06,39.48,63.46666667
54603,115.46,38.43,63.36666667
54541,119.15,39.53,63.23333333
53945,109.04,35.26,62.96666667
54520,117.05,39.58,62.36666667
54607,115.07,38.43,62.16666667
53878,113.23,36.31,62.06666667
53865,111.33,36.39,61.73333333
54398,116.37,40.08,61.56666667
54594,116.21,39.43,61.46666667
54449,119.31,39.51,61
54523,117.01,39.23,60.9
53863,111.55,37.02,60.86666667
51704,76.1,39.43,60.83333333
54438,118.52,39.53,60.43333333
53947,109.04,35.05,60
54437,118.39,39.3,60
54506,115.51,39.2,59.93333333
57014,105.52,34.34,59.13333333
56317,94.13,29.13,58.8
54525,117.17,39.44,58.66666667
54424,117.06,40.09,58.53333333
54563,122.01,39.38,58.53333333
53970,112.12,35.42,58.43333333
54510,116.59,39.54,58.23333333
54605,115.56,38.56,58.13333333
54522,117.44,39.53,57.86666667
54419,116.38,40.22,57.63333333
51709,75.59,39.28,57.56666667
53942,109.3,35.49,57.56666667
58437,118.09,30.08,57.06666667
53973,112.57,35.46,57.03333333
54575,122.22,39.25,56.86666667
51828,79.56,37.08,56.83333333
54569,121.58,39.24,56.76666667
57031,108.33,34.49,56.16666667
56267,101.01,30.02,56.1
53874,111.55,36.16,55.8
57002,105.4,34.52,55.73333333
54339,123,41.05,55.46666667
53679,112.33,37.44,55.23333333
53770,112.21,37.21,54.83333333
57001,105.2,34.45,54.73333333
53879,112.53,36.19,54.33333333
54475,122.29,40.37,54.26666667
53768,111.45,37.09,54.06666667
53682,114.41,38.38,53.96666667
56227,95.46,29.52,53.8
53873,112.52,36.07,53.73333333
54429,117.57,40.12,53.63333333
56095,104.23,34.02,53.53333333
57023,108.06,35.02,53.26666667
54502,116.02,39.29,53.2
53882,113.04,36.03,52.8
54519,116.29,39.18,52.6
56307,92.35,29.09,52.4
54597,115.44,39.44,52.23333333
54453,120.53,40.47,52
51802,76.1,38.56,51.86666667
53778,112.13,37.1,51.33333333
56462,101.3,29,51.3
55598,91.46,29.15,51.06666667
53923,107.38,35.44,50.93333333
51814,77.24,37.55,50.9
54590,124.1,39.53,50.9
57007,105.11,34.11,50.4
53861,111.25,35.53,50.3
54454,120.21,40.21,49.8
54455,120.42,40.35,49.7
54471,122.16,40.4,49.53333333
53928,107.01,35.18,49.5
53862,111.46,36.5,49.4
53953,110.51,35.58,49.36666667
53774,112.2,37.37,48.83333333
53771,112.03,37.27,48.33333333
53777,112.09,37.32,48.23333333
53935,108.21,35.3,47.86666667
53859,110.4,36.06,47.6
53769,111.47,37.15,47.53333333
53880,113.14,36.2,47.53333333
56185,102.59,32.05,47.53333333
54408,115.13,40.23,47.43333333
51573,89.12,42.56,47.33333333
53685,113.25,38.04,46.96666667
54439,118.43,40.01,46.93333333
54337,121.07,41.08,46.4
53888,113.26,36.12,46.2
54497,124.2,40.03,46.13333333
53772,112.33,37.47,45.83333333
54330,121.22,41.1,45.83333333
53857,110.11,36.04,45.7
53981,113.16,35.47,45.36666667
54405,115.3,40.24,45.36666667
53845,109.3,36.36,45.13333333
53783,113.42,37.36,45.03333333
54584,122.57,39.43,45.03333333
53934,108.01,35.49,44.96666667
54421,117.07,40.39,44.96666667
51826,80.48,37.01,44.63333333
53756,110.43,37.31,44.5
53915,106.4,35.33,44.3
57004,104.53,34.44,44.23333333
51707,76.44,39.3,44.13333333
54474,122.21,40.25,43.96666667
57022,107.47,34.41,43.96666667
54470,122.04,41.01,43.9
54476,122.09,40.1,43.9
51818,78.17,37.37,43.8
54416,116.52,40.23,43.46666667
53677,112.29,37.56,43.43333333
57008,105.18,34.02,43.36666667
55591,91.08,29.4,43.3
53885,113.12,36.08,43.16666667
51572,89.15,42.5,42.93333333
53776,112.46,37.41,42.86666667
53856,110.45,36.28,42.43333333
53759,110.5,36.59,42.33333333
51815,77.16,38.12,41.96666667
57011,106.09,34.45,41.63333333
54434,118.18,40.1,41.36666667
51717,76.47,39.15,41.2
53925,107.11,35.41,41.06666667
51811,77.16,38.26,40.83333333
53924,107.37,35.04,40.83333333
54501,115.41,39.58,40.73333333
51571,88.38,42.48,40.5
53884,113.02,36.31,40.33333333
53926,107.21,35.2,40.33333333
53753,110.53,37.26,39.76666667
53775,112.32,37.26,39.66666667
54345,123.04,41.12,39.43333333
53612,106.11,37.59,39.13333333
53872,112.41,36.46,39.06666667
54338,121.57,41.17,38.83333333
51716,78.34,39.48,38.23333333
56172,102.14,31.54,38.23333333
53850,110.11,36.53,38.1
51636,82.37,41.32,38.03333333
53853,110.57,36.42,37.96666667
55589,90.59,29.18,37.53333333
51639,82.47,41.14,37.33333333
53946,109.49,35.36,37.26666667
53937,107.55,35.31,37.16666667
54331,121.46,41.35,37.03333333
54472,122.43,40.53,36.96666667
51827,79.43,37.17,36.86666667
54340,123.19,41.4,36.6
53617,106.04,38.02,36.4
53877,112.15,36.1,36.36666667
54406,115.58,40.27,36.36666667
53871,112.51,36.5,36.33333333
51328,80.25,44.12,36.3
53673,112.43,38.44,36.3
51434,81.32,43.58,35.93333333
52889,103.53,36.03,35.63333333
53829,107.54,35.59,35.6
53764,111.06,37.3,35.56666667
54348,123.19,41.25,35.53333333
51810,77.38,38.55,35.43333333
53929,107.48,35.12,35.43333333
51495,91.44,43.13,35.33333333
51829,80.1,37.05,35.16666667
53931,109.23,36,35.03333333
51436,83.18,43.27,34.9
53763,112.1,37.55,34.9
53618,106.15,38.17,34.83333333
53927,106.38,35.13,34.8
51629,80.14,41.16,34.6
53854,110.04,36.35,34.36666667
53938,108.18,35.1,34.3
54347,123.1,41.14,33.96666667
53659,111,37.58,33.76666667
53735,108.48,37.37,33.66666667
57028,107.19,34.02,33.5
54401,114.53,40.47,33.46666667
53875,112.21,36.31,33.33333333
51628,80.14,41.1,32.96666667
51642,84.15,41.47,32.76666667
53678,112.4,38.04,32.4
53787,112.59,37.04,32.4
51931,81.39,36.51,32.36666667
53614,106.12,38.28,32.2
53754,110.13,37.3,31.93333333
54336,122.26,41.23,31.83333333
51708,75.57,39.09,31.7
53748,109.42,37.11,31.7
51644,82.58,41.43,31.6
53881,106.29,37.17,31.53333333
53917,106.03,35.13,31.53333333
56374,101.58,30.03,31.33333333
53611,106.33,38.54,31.3
54332,122.43,41.31,31.2
51329,80.51,44.03,31.03333333
53658,110.29,38.02,30.96666667
53848,109.21,36.16,30.96666667
51839,82.43,37.04,30.7
51720,79.03,40.3,30.3
53757,110.07,37.07,30.16666667
53579,112.54,39.01,30.13333333
52980,103.18,35.58,29.9
51656,86.08,41.45,29.83333333
53864,111.06,36.24,29.2
53580,113.06,39.49,29.06666667
56167,101.07,30.59,29
53646,109.47,38.16,28.93333333
53619,106.18,38.07,28.9
54826,117.06,36.15,28.8
55569,87.36,29.05,28.76666667
54333,122.5,41.59,28.63333333
51777,88.1,39.02,28.4
54346,123.47,41.19,28.36666667
53821,107.18,36.35,28.3
56251,100.19,30.56,27.9
54494,124.04,40.28,27.33333333
52972,102.33,35.5,27.3
54342,123.27,41.44,27.1
57012,106.12,34.59,27.03333333
53852,110.38,36.46,26.9
56147,98.5,31.13,26.76666667
53704,105.11,37.32,26.56666667
53660,111.05,39.01,26.5
57046,110.05,34.29,26.33333333
53740,109.14,37.56,26.06666667
51431,81.2,43.57,26
54436,118.57,40.24,25.96666667
56444,98.55,28.29,25.96666667
53860,111.1,36.59,25.93333333
53841,109.19,36.53,25.9
54335,122.05,41.41,25.9
53705,105.41,37.29,25.46666667
52679,102.4,37.55,25.4
53610,106.21,38.34,25.3
55578,88.53,29.15,25.3
51430,81.09,43.5,25.26666667
53725,107.35,37.35,25.2
53584,113.1,39.34,25.16666667
52797,104.03,37.11,25.1
52896,104.11,36.33,24.73333333
53751,110.03,37.36,24.7
56137,97.1,31.09,24.53333333
54452,119.49,40.48,24.46666667
51581,90.14,42.51,24.4
53767,111.1,37.2,24.36666667
53519,106.46,39.13,24.03333333
56091,104.27,34.51,23.63333333
54432,118.29,40.36,23.56666667
53810,105.54,36.58,23.36666667
53674,112.42,38.25,23.2
53750,110.1,37.46,23.16666667
53651,110.26,38.49,23.13333333
51232,82.34,45.11,23.03333333
54430,118.09,40.46,22.93333333
51722,80.24,40.39,22.86666667
53518,106.21,39.02,22.83333333
51435,82.14,43.28,22.53333333
52895,104.41,36.34,22.16666667
53664,111.08,38.28,22.03333333
53491,114.24,40.41,22
53599,114.4,39.21,22
56092,104.39,35,22
54249,123.52,42.18,21.9
53786,113.22,37.05,21.8
56543,99.42,27.5,21.43333333
56182,103.34,32.39,21.4
54328,119.43,41.05,21.23333333
53906,105.43,35.31,21.13333333
53832,108.46,36.46,21.1
55585,90.1,29.26,21
54412,116.38,40.44,20.93333333
54326,119.42,41.23,20.83333333
53499,114.44,40.46,20.76666667
54248,123.32,42.02,20.76666667
53585,113.16,39.1,20.7
53780,113.1,37.54,20.7
53576,112.49,39.3,20.63333333
54486,123.17,40.17,20.46666667
54324,120.26,41.33,20.4
56084,103.13,34.04,20.06666667
53930,107.59,36.27,19.96666667
52876,102.51,36.19,19.63333333
52575,102.42,39.18,19.13333333
51356,86.03,44.19,19.03333333
53486,113.46,40.22,18.83333333
53788,113.34,37.2,18.83333333
53517,106.2,39.16,18.76666667
51357,85.37,44.2,18.73333333
53806,105.39,36.34,18.6
55593,91.44,29.51,18.56666667
56144,98.35,31.48,18.53333333
51627,79.14,41.13,18.5
51655,86.16,41.21,18.4
53513,107.25,40.45,18.26666667
52874,102.23,36.29,18.1
53577,112.18,39,18
53676,112.59,38.3,17.8
54493,124.47,40.43,17.63333333
52681,103.05,38.38,17.6
51855,85.33,38.09,17.53333333
51334,82.54,44.37,17.43333333
53433,108.39,40.44,17.16666667
54323,120.45,41.49,17.16666667
53578,112.26,39.22,16.93333333
51346,84.4,44.26,16.9
53492,114.09,40.06,16.76666667
53727,107.07,37.1,16.5
53817,106.16,36,16.2
54349,124.07,41.18,16.2
51358,85.49,44.17,16.06666667
53602,105.4,38.5,16
54334,121.14,41.31,15.86666667
51368,87.26,44.01,15.56666667
54377,126.09,41.06,15.46666667
53615,106.42,38.48,15.33333333
53512,106.48,39.48,15.23333333
53593,114.34,39.5,15.2
54325,120.21,41.11,15.13333333
53420,107.07,40.51,15.06666667
53502,105.45,39.47,14.76666667
54236,122.32,42.25,14.73333333
52986,103.51,35.21,14.7
53916,106.19,35.3,14.7
55572,89.06,29.41,14.36666667
53594,114.11,39.27,13.76666667
54327,119.21,41.14,13.73333333
53908,105.14,35.13,13.63333333
51369,87.39,43.58,13.6
51243,84.51,45.37,13.5
51730,81.16,40.33,13.5
52418,94.41,40.09,13.5
52576,101.41,39.13,13.5
52995,104.37,35.35,13.3
53505,105.24,37.53,13.2
54245,123.24,42.3,13.16666667
54410,116.08,40.36,13.1
51765,87.42,40.38,12.76666667
53419,107,40.2,12.73333333
53487,113.2,40.06,12.73333333
52993,105.04,35.41,12.7
53669,111.48,38.05,12.53333333
51352,85.15,44.51,12.43333333
56223,95.5,30.45,12.43333333
54237,121.43,42.05,12.2
53446,109.51,40.4,11.86666667
54254,124.03,42.32,11.8
53644,108.5,38.36,11.66666667
51359,86.12,44.19,11.53333333
53455,110.32,40.33,11.5
54425,117.29,40.25,11.46666667
56093,104.01,34.26,11.4
53490,114.03,40.26,11.3
53738,108.1,36.55,11.16666667
53760,111.14,37.53,11.06666667
54243,124.07,42.47,10.86666667
56158,100.4,31.24,10.83333333
51438,81.46,43.11,10.8
51567,86.34,42.05,10.46666667
53498,115.02,40.34,10.26666667
52982,103.34,35.29,10.13333333
52875,102.06,36.3,10.03333333
51133,83,46.44,9.966666667
51559,86.24,42.19,9.866666667
54365,125.21,41.17,9.7
54234,121.45,42.44,9.633333333
52984,103.11,35.35,9.3
55680,89.36,28.55,9.3
53723,107.23,37.48,9.033333333
55655,85.58,28.11,8.6
54291,130.17,42.54,8.1
53543,109.59,39.5,8.066666667
53562,111.4,39.55,8.066666667
55681,90.24,28.58,8.066666667
52447,98.54,40,7.7
52868,101.26,36.02,7.7
54363,125.54,41.41,7.666666667
53467,111.11,40.16,7.6
56357,100.18,29.03,7.466666667
51137,82.56,46.12,7.366666667
53730,107.29,38.11,7.3
52988,103.43,35.22,7.133333333
54316,118.45,41.31,7.066666667
51353,86.06,45.01,7.033333333
51367,86.49,44.08,6.966666667
51705,75.15,39.43,6.933333333
51433,82.31,43.48,6.833333333
54157,124.2,43.1,6.7
52378,102.22,41.22,6.633333333
54274,126.04,42.41,6.633333333
54218,118.56,42.16,6.6
53582,113.41,39.43,6.433333333
53666,111.56,38.21,6.2
53337,108.16,41.06,5.966666667
51633,81.54,41.47,5.633333333
52998,104.12,35.08,5.5
52446,99.31,40.18,5.433333333
51238,82.04,44.54,5.4
52267,101.04,41.57,5.333333333
54351,124.05,41.55,5.133333333
54483,123.54,40.53,5.033333333
53457,110.02,40.24,4.8
54420,117.2,40.56,4.766666667
53466,111.42,40.48,4.733333333
53590,114.16,39.45,4.733333333
52983,104.09,35.52,4.566666667
54286,129,42.32,4.566666667
52557,100.1,39.09,4.533333333
55696,92.28,28.25,4.533333333
54154,124.18,43.21,4.5
53553,111.13,39.52,4.366666667
54293,129.5,42.57,4.233333333
51377,87.55,44.1,4.166666667
54320,119.21,41.36,4.166666667
53564,111.09,39.23,4.066666667
53529,107.59,39.06,3.966666667
53914,106.07,35.37,3.966666667
56082,103.3,34.35,3.833333333
56331,97.5,29.4,3.6
54423,117.57,40.59,3.466666667
54266,125.38,42.32,3.366666667
54267,125.44,42.15,3.366666667
52884,103.56,36.21,3
51145,83.39,46.33,2.9
54313,118.42,41.56,2.8
53681,113.22,38.5,2.766666667
52533,98.29,39.46,2.566666667
52546,99.5,39.22,2.566666667
52607,105.08,38.03,2.066666667
53463,111.41,40.49,2.066666667
54259,124.55,42.06,2.033333333
51711,78.27,40.56,1.7
53665,111.39,38.17,1.566666667
53522,107.5,40.03,1.533333333
52974,102.01,35.31,1.466666667
53732,108.43,37.51,1.3
56146,100,31.37,1.233333333
51365,87.32,44.12,1.133333333
53575,112.12,39.06,1.1
54290,129.24,42.46,0.866666667
54226,120.42,42.2,0.833333333
54225,119.55,42.17,0.733333333
54156,124.48,43.31,0.7
54223,120.39,42.51,0.6
52985,103.2,35.25,0.5
56342,98.36,29.41,0.333333333
56164,100.59,32.16,0.1
54231,122.21,42.58,-0.033333333
53565,111.3,39.26,-0.1
52436,97.02,40.16,-0.166666667
51568,86.48,42.15,-0.366666667
52203,93.31,42.49,-0.366666667
51747,83.4,39,-0.733333333
54319,118.4,41,-0.733333333
53573,112.42,40,-0.866666667
54404,115.5,40.54,-0.9
51378,89.1,44.01,-0.933333333
54172,126.36,43.47,-0.966666667
53707,105.15,36.56,-1.033333333
51463,87.39,43.47,-1.166666667
52112,95.08,43.46,-1.666666667
52652,100.26,38.56,-1.933333333
54260,125.05,42.55,-1.966666667
56257,100.16,30,-2
51526,88.13,42.14,-2.133333333
54135,122.16,43.36,-2.133333333
53475,112.31,40.31,-2.166666667
54308,116.38,41.13,-2.233333333
53545,109.44,39.34,-2.3
53903,105.43,35.58,-2.333333333
54155,124.14,43.4,-2.4
53574,112.16,39.31,-2.533333333
52981,103.24,35.4,-2.966666667
54318,117.44,41.19,-3.033333333
52424,95.46,40.32,-3.2
52885,103.15,36.45,-3.2
54374,126.55,41.48,-3.3
54171,126.31,43.42,-3.4
56125,96.29,32.12,-3.4
51467,86.18,42.44,-3.5
56385,103.2,29.31,-3.6
53348,109.08,41.01,-3.633333333
54132,121.04,42.24,-3.666666667
52661,101.05,38.48,-3.9
52515,94.53,39.31,-4.166666667
52784,102.54,37.29,-4.366666667
53464,111.09,40.41,-4.466666667
54026,120.54,44.34,-4.533333333
54161,125.13,43.54,-4.733333333
53481,113.13,40.48,-5.3
53533,108.44,39.51,-5.4
53488,113.35,40.02,-5.5
54165,125.38,43.33,-5.6
53547,109.02,39.06,-5.866666667
55437,81.15,30.17,-5.933333333
54292,129.28,42.53,-6.033333333
51477,88.19,43.21,-6.066666667
54169,126.01,43.18,-6.233333333
54134,121.17,43.36,-6.433333333
54142,123.32,43.3,-6.6
53662,111.35,38.43,-6.733333333
54164,125.17,43.21,-6.866666667
54099,131.08,44.05,-7.2
54069,125.48,44.1,-7.433333333
54213,119.01,42.56,-8.133333333
53483,113.52,40.53,-8.2
52495,104.48,40.1,-8.733333333
54273,126.45,42.59,-8.8
54252,124.45,42.44,-8.866666667
52866,101.45,36.43,-9.2
50937,121.28,45.03,-9.233333333
54263,126.03,42.58,-9.666666667
54261,125.27,42.41,-10.03333333
54181,127.2,43.42,-11.2
52862,101.41,36.57,-11.46666667
56029,97.01,33.01,-11.63333333
52996,105,35.23,-11.76666667
53469,111.49,40.24,-11.93333333
54027,119.24,43.59,-12.1
54115,118.04,43.36,-12.36666667
52674,101.58,38.14,-12.46666667
51241,83.36,45.56,-12.66666667
54371,126.26,41.56,-12.93333333
54039,122.01,44.02,-12.96666667
54353,125.03,41.44,-13.13333333
54049,123.58,44.15,-13.53333333
56109,93.47,31.29,-13.56666667
56171,101.42,32.54,-13.76666667
54311,117.45,41.56,-13.8
50946,124.5,45.11,-14.13333333
54047,123.17,44.08,-14.26666667
54122,120.03,43.53,-14.26666667
54285,128.07,42.25,-14.46666667
54076,126.56,44.25,-14.5
54362,125.44,41.4,-15.03333333
50948,124.01,45,-15.4
54284,127.34,42.06,-15.7
52869,101.34,36.31,-15.86666667
53480,113.04,41.02,-16.06666667
50949,124.52,45.05,-16.23333333
56081,103.21,34.42,-16.26666667
56116,95.36,31.25,-16.26666667
54094,129.36,44.34,-16.36666667
53663,111.49,38.55,-16.46666667
56128,96.36,31.13,-16.46666667
52863,101.57,36.49,-16.73333333
53484,113.09,40.27,-17.16666667
54113,118.39,43.32,-17.43333333
54072,126.32,44.5,-17.6
54187,128.55,43.07,-17.76666667
54276,126.49,42.21,-17.96666667
51437,81.08,43.09,-18.33333333
53276,112.54,42.24,-18.63333333
54098,129.28,44.2,-19.13333333
51379,89.34,44.01,-19.56666667
54214,118.25,42.35,-19.9
53384,113.11,41.27,-19.93333333
54041,123.04,44.47,-20.06666667
54186,128.12,43.22,-20.1
53385,113.33,41.34,-20.66666667
54080,127.09,44.54,-20.73333333
54195,129.47,43.18,-20.93333333
50987,131.08,45.15,-21
54321,119.38,41.52,-21.03333333
53149,110.08,42.32,-21.13333333
53272,112.39,42.45,-21.23333333
56151,100.45,32.56,-21.4
54064,125.09,44.23,-21.5
50939,122.49,45.2,-21.83333333
54065,125.39,44.32,-22
53399,114.42,41.09,-22.03333333
52978,102.31,35.12,-22.16666667
52818,94.54,36.25,-22.33333333
53336,108.31,41.34,-22.43333333
51482,90.17,43.5,-22.46666667
50960,127.27,45.47,-22.53333333
53478,112.27,40,-23.33333333
50953,126.46,45.45,-23.4
55664,87.05,28.38,-23.7
53357,110.03,41.02,-24.13333333
52856,100.37,36.16,-24.46666667
50973,130.35,45.45,-24.53333333
54031,121.49,44.53,-24.73333333
50955,126.18,45.23,-24.96666667
53362,111.41,41.32,-25.86666667
50978,130.56,45.18,-26
50934,121.32,45.24,-26.2
51068,87.28,47.07,-26.33333333
54092,129.24,44.35,-26.33333333
50954,125.05,45.3,-26.4
50888,132.11,46.19,-26.93333333
50983,132.58,45.46,-27.06666667
56106,93.47,31.53,-27.13333333
54063,126,44.58,-27.2
50838,122.03,46.05,-27.33333333
50945,124.16,45.3,-27.4
52656,100.49,38.27,-27.43333333
53352,110.26,41.42,-27.46666667
50985,131.52,45.33,-28.46666667
53397,113.59,41.06,-28.53333333
56080,102.54,35,-28.66666667
52855,101.14,36.41,-28.93333333
50958,126.57,45.31,-29.1
55493,91.06,30.29,-29.43333333
50956,126.35,45.53,-29.53333333
54304,115.17,40.58,-30.03333333
51060,86.52,47.42,-30.2
54096,131.1,44.23,-30.23333333
54093,130.33,44.56,-30.3
52877,102.16,36.06,-30.36666667
51330,81.01,44.58,-30.43333333
55773,89.05,27.44,-30.46666667
56173,102.33,32.48,-30.56666667
50979,130.14,45.16,-30.73333333
50884,131.09,46.38,-30.76666667
52643,99.37,38.5,-31.03333333
50971,131.01,45.46,-31.1
53472,112.34,40.52,-31.36666667
54192,130.15,43.42,-31.36666667
50964,128.48,45.5,-31.7
53231,106.24,41.24,-32
50880,131.07,46.44,-32.03333333
55690,91.57,27.59,-32.03333333
50965,128.18,45.27,-32.23333333
53588,113.31,38.57,-32.23333333
50950,125.15,45.42,-32.3
56071,102.3,34.35,-32.33333333
50936,122.5,45.38,-32.43333333
51470,88.07,43.53,-32.63333333
53068,111.58,43.39,-32.86666667
50877,129.35,46.18,-32.96666667
53324,106.59,41.27,-32.96666667
50968,127.58,45.13,-33.8
53289,113.5,42.14,-34.03333333
54024,119.18,44.27,-34.36666667
53391,114,41.54,-34.43333333
52825,96.25,36.26,-34.66666667
54386,128.11,41.25,-34.7
53368,111.27,41.06,-34.96666667
50858,125.58,46.04,-35.03333333
51058,87.58,47.06,-35.33333333
50844,123.25,46.24,-36.06666667
53910,106.12,35.4,-36.26666667
50940,123.1,45.51,-36.5
51053,86.24,48.03,-36.63333333
50850,125.08,46.34,-37.46666667
52957,100.35,35.15,-37.53333333
50833,122.54,46.43,-38
50873,130.17,46.49,-38.86666667
50962,128.02,45.57,-39.43333333
51886,90.51,38.15,-39.5
54208,116.28,42.11,-39.53333333
54117,117.32,43.15,-39.63333333
51059,85.52,47.26,-39.76666667
50871,129.53,46.44,-39.83333333
51156,85.43,46.47,-40.7
56018,95.18,32.54,-41.16666667
54305,115.16,41.53,-41.3
53343,109.58,41.46,-41.33333333
56067,101.29,33.26,-41.56666667
50859,126.16,46.15,-42.26666667
50879,130.33,46.13,-42.5
54301,115.4,41.4,-42.6
52737,97.22,37.22,-42.63333333
56079,102.58,33.35,-42.66666667
51465,87.06,43.29,-42.76666667
50867,127.21,46.05,-42.86666667
55472,88.38,30.57,-42.86666667
53392,114.36,41.51,-43.4
52313,94.4,41.32,-43.43333333
54204,115,42.18,-43.53333333
50739,123.11,47.2,-43.6
53367,111.14,41.19,-43.66666667
52833,98.29,36.55,-43.96666667
54205,116,42.14,-44
50842,124.25,46.5,-44.16666667
52707,93.41,36.48,-44.36666667
50854,125.19,46.23,-44.53333333
50928,120.2,45.04,-44.9
56074,102.05,34,-45.13333333
51469,87.11,43.27,-45.16666667
50832,122.05,46.43,-45.5
50892,134,46.48,-45.53333333
52101,93.03,43.36,-45.53333333
50878,130.43,47,-45.56666667
53378,112.37,41.16,-45.76666667
52765,101.37,37.23,-46.13333333
50787,131.51,47.17,-46.36666667
50963,128.44,45.58,-46.46666667
51804,75.14,37.46,-46.9
50853,126.58,46.37,-46.96666667
52323,97.02,41.48,-47.03333333
50775,130.16,47.2,-47.43333333
56202,93.17,30.4,-48.6
50745,123.55,47.23,-48.9
54012,117.36,44.35,-48.9
50851,126.06,46.41,-48.96666667
53195,113.38,43.52,-49
50788,131.59,47.14,-49.06666667
51076,88.05,47.44,-49.5
52836,98.06,36.18,-49.73333333
50741,123.3,47.56,-50.3
52118,94.42,43.16,-50.3
55279,90.01,31.23,-50.5
54102,116.07,43.57,-51.7
50852,126.29,46.52,-51.76666667
52955,100.45,35.35,-51.83333333
50749,124.5,47.11,-52.06666667
50779,134.17,48.22,-52.4
51288,90.32,45.22,-53.23333333
50639,122.44,48,-54.4
52943,99.59,35.35,-54.6
50834,121.13,46.36,-55
50776,130.5,47.34,-55.43333333
50861,127.29,46.53,-56.4
50647,123.29,48.08,-56.83333333
50778,132.3,47.38,-56.83333333
50758,125.54,47.11,-57.23333333
55248,84.25,32.09,-57.56666667
55228,80.05,32.3,-57.73333333
52657,100.15,38.11,-58.56666667
52787,102.52,37.12,-58.76666667
50742,124.29,47.48,-58.8
52842,99.05,36.47,-59.53333333
55299,92.04,31.29,-59.93333333
52853,100.59,36.55,-60.03333333
50767,127.06,47.14,-61.2
52713,95.22,37.51,-61.93333333
50756,126.58,47.26,-62.96666667
52602,93.2,38.45,-63.76666667
50750,125.18,47.54,-64.13333333
53192,114.57,44.01,-64.6
56046,99.39,33.45,-65.03333333
50915,116.58,45.31,-65.26666667
56152,100.2,32.17,-65.43333333
51087,89.31,46.59,-65.63333333
50862,128.01,46.59,-65.76666667
56038,98.06,32.59,-65.76666667
52754,100.08,37.2,-68.03333333
56043,100.15,34.28,-69.53333333
53083,114.09,44.37,-71
50755,126.06,47.36,-71.96666667
50659,126.15,48.02,-72.6
50658,125.53,48.03,-73.3
52968,101.28,35.02,-73.46666667
56065,101.36,34.44,-74.4
56021,95.47,34.08,-75.56666667
52745,99.02,37.18,-75.73333333
56016,95.36,33.51,-75.8
50646,124.51,48.29,-75.96666667
50603,116.49,48.4,-77.7
50774,128.55,47.44,-77.96666667
55294,91.06,32.21,-80.3
50645,124.29,48.29,-80.86666667
50618,118.16,48.13,-82.3
50913,118.48,45.43,-83.56666667
50673,130.24,48.53,-84.7
50656,126.31,48.17,-87.6
50655,126.11,48.3,-88.43333333
50772,129.14,48.06,-92.03333333
50632,121.55,48.46,-93.16666667
50566,128.28,49.34,-93.76666667
51701,75.24,40.31,-94.43333333
50527,119.45,49.13,-95.43333333
56045,99.54,33.58,-95.96666667
50557,125.14,49.1,-96.03333333
50524,119.26,49.19,-99.13333333
51186,90.23,46.4,-99.16666667
56004,92.26,34.13,-99.66666667
50548,123.43,49.12,-100.5
50564,127.21,49.26,-100.7666667
56033,98.13,34.55,-102.3
50674,129.26,48.34,-103.6
50514,117.26,49.34,-104.1666667
50525,119.45,49.09,-104.4
50727,119.56,47.1,-104.5333333
52645,99.35,38.25,-105.2
50468,127.27,50.15,-107.4
50526,120.42,49.17,-109.3666667
52633,98.25,38.48,-110.2
52908,93.05,35.13,-111.9333333
50425,120.11,50.15,-115.2
50442,124.07,50.24,-116.0333333
50445,123.44,50.35,-119.8
51468,86.5,43.06,-122
51542,84.09,43.02,-130.7
50353,126.39,51.43,-142
50431,121.31,50.47,-142.7666667
50434,121.41,50.29,-148.7666667
50349,124.2,51.42,-160.0666667
56034,97.08,33.48,-164.9
50246,124.43,52.21,-165.5
50247,123.34,52.02,-169.4
50136,122.31,52.58,-172.2
50137,122.22,53.28,-181.7666667
